<?xml version="1.0" encoding="UTF-8"?>
<module id=> 
  <modulename>label</modulename>
  <sectionid></sectionid> 
  <sectionnumber>0</sectionnumber>
  <idnumber></idnumber>
  <added>1615391461</added>
  <score>0</score>
  <indent></indent> 
  <visible></visible> 
  <visibleoncoursepage>1</visibleoncoursepage>
  <visibleold>0</visibleold>
  <groupmode>0</groupmode>
  <groupingid>0</groupingid>
  <completion>1</completion>
  <completiongradeitemnumber>$@NULL@$</completiongradeitemnumber>
  <completionview>0</completionview>
  <completionexpected>0</completionexpected>
  <availability>$@NULL@$</availability>
  <showdescription>1</showdescription>
  <tags>
  </tags>
</module>