<?xml version="1.0" encoding="UTF-8"?>
<moodle_backup>
  <information>
    <name></name>
    <moodle_version>2021052500.44</moodle_version>
    <moodle_release>4.0dev (Build: 20201127)</moodle_release>
    <backup_version>2021052500</backup_version>
    <backup_release>4.0</backup_release>
    <backup_date></backup_date>
    <mnet_remoteusers>0</mnet_remoteusers>
    <include_files>1</include_files>
    <include_file_references_to_external_content>0</include_file_references_to_external_content>
    <original_wwwroot>http://localhost</original_wwwroot>
    <original_site_identifier_hash>bf144d3ed00fee82141c218443d64bab</original_site_identifier_hash>
    <original_course_id>18</original_course_id>
    <original_course_format>topics</original_course_format>
    <original_course_fullname></original_course_fullname>
    <original_course_shortname></original_course_shortname>
    <original_course_startdate></original_course_startdate>
    <original_course_enddate></original_course_enddate>
    <original_course_contextid>1</original_course_contextid>
    <original_system_contextid>1</original_system_contextid>
    <details>
      <detail backup_id="933c47cd21e8d1e2fe218dce160ee1bf">
        <type>course</type>
        <format>moodle2</format>
        <interactive>1</interactive>
        <mode>10</mode>
        <execution>1</execution>
        <executiontime>0</executiontime>
      </detail>
    </details>
    <contents>
      <activities>
        <activity>
          <moduleid>14</moduleid>
          <sectionid>1</sectionid>
          <modulename>forum</modulename>
          <title>Tauler d'avisos</title>
          <directory>activities/forum_14</directory>
        </activity>
        <activity>
          <moduleid>20</moduleid>
          <sectionid>1</sectionid>
          <modulename>label</modulename>
          <title>Descripció:&amp;nbsp;Aquesta és la descripció del nost...</title>
          <directory>activities/label_20</directory>
        </activity>
        <activity>
          <moduleid>24</moduleid>
          <sectionid>1</sectionid>
          <modulename>label</modulename>
          <title>Si s'acaba de crear aquest Moodle per conversió d'...</title>
          <directory>activities/label_24</directory>
        </activity>
      </activities>
      <sections>
        <section>
          <sectionid>1</sectionid>
          <title>0</title>
          <directory>sections/section_1</directory>
        </section>
      </sections>
      <course>
      </course>
    </contents>
    <settings>
      <setting>
        <level>root</level>
        <name>filename</name>
        <value>backup-moodle2-course.mbz</value>
      </setting>
      <setting>
        <level>root</level>
        <name>activities</name>
        <value>1</value>
      </setting>
      <setting>
        <level>root</level>
        <name>files</name>
        <value>1</value>
      </setting>
      <setting>
        <level>section</level>
        <section>section_1</section>
        <name>section_1_included</name>
        <value>1</value>
      </setting>
      <setting>
        <level>section</level>
        <section>section_1</section>
        <name>section_1_userinfo</name>
        <value>1</value>
      </setting>
      <setting>
        <level>activity</level>
        <activity>forum_14</activity>
        <name>forum_14_included</name>
        <value>1</value>
      </setting>
      <setting>
        <level>activity</level>
        <activity>forum_14</activity>
        <name>forum_14_userinfo</name>
        <value>1</value>
      </setting>
      <setting>
        <level>activity</level>
        <activity>label_20</activity>
        <name>label_20_included</name>
        <value>1</value>
      </setting>
      <setting>
        <level>activity</level>
        <activity>label_20</activity>
        <name>label_20_userinfo</name>
        <value>1</value>
      </setting>
      <setting>
        <level>activity</level>
        <activity>label_24</activity>
        <name>label_24_included</name>
        <value>1</value>
      </setting>
      <setting>
        <level>activity</level>
        <activity>label_24</activity>
        <name>label_24_userinfo</name>
        <value>1</value>
      </setting>
    </settings>
  </information>
</moodle_backup>