<?xml version="1.0" encoding="UTF-8"?>
<activity id="10" moduleid="14" modulename="forum" contextid="55">
  <forum id="10">
    <type>news</type>
    <name>Tauler d'avisos</name>
    <intro>General news and announcements</intro>
    <introformat>1</introformat>
    <duedate>0</duedate>
    <cutoffdate>0</cutoffdate>
    <assessed>0</assessed>
    <assesstimestart>0</assesstimestart>
    <assesstimefinish>0</assesstimefinish>
    <scale>0</scale>
    <maxbytes>0</maxbytes>
    <maxattachments>1</maxattachments>
    <forcesubscribe>1</forcesubscribe>
    <trackingtype>1</trackingtype>
    <rsstype>0</rsstype>
    <rssarticles>0</rssarticles>
    <timemodified>1615292524</timemodified>
    <warnafter>0</warnafter>
    <blockafter>0</blockafter>
    <blockperiod>0</blockperiod>
    <completiondiscussions>0</completiondiscussions>
    <completionreplies>0</completionreplies>
    <completionposts>0</completionposts>
    <displaywordcount>0</displaywordcount>
    <lockdiscussionafter>0</lockdiscussionafter>
    <grade_forum>0</grade_forum>
    <discussions>
    </discussions>
    <subscriptions>
    </subscriptions>
    <digests>
    </digests>
    <readposts>
    </readposts>
    <trackedprefs>
    </trackedprefs>
    <poststags>
    </poststags>
    <grades>
    </grades>
  </forum>
</activity>