<?xml version="1.0" encoding="UTF-8"?>
<course id="18" contextid="54">
  <shortname></shortname>
  <fullname></fullname>
  <idnumber></idnumber>
  <summary>&lt;p dir="ltr"&gt;&lt;br&gt;&lt;/p&gt;</summary>
  <summaryformat>1</summaryformat>
  <format>weeks</format>
  <showgrades>1</showgrades>
  <newsitems>5</newsitems>
  <startdate></startdate>
  <enddate></enddate>
  <marker>0</marker>
  <maxbytes>0</maxbytes>
  <legacyfiles>0</legacyfiles>
  <showreports>1</showreports>
  <visible>1</visible>
  <groupmode>0</groupmode>
  <groupmodeforce>0</groupmodeforce>
  <defaultgroupingid>0</defaultgroupingid>
  <lang></lang>
  <theme></theme>
  <timecreated></timecreated>
  <timemodified></timemodified>
  <requested>0</requested>
  <enablecompletion>1</enablecompletion>
  <completionnotify>0</completionnotify>
  <hiddensections>0</hiddensections>
  <coursedisplay>0</coursedisplay>
  <automaticenddate>1</automaticenddate>
  <category id="1">
    <name>Miscellaneous</name>
    <description>$@NULL@$</description>
  </category>
  <tags>
  </tags>
  <customfields>
  </customfields>
</course>