<?xml version="1.0" encoding="UTF-8"?>
<module id="14" version="2021052500">
  <modulename>forum</modulename>
  <sectionid>1</sectionid>
  <sectionnumber>0</sectionnumber>
  <idnumber>$@NULL@$</idnumber>
  <added>1615287947</added>
  <score>0</score>
  <indent>0</indent>
  <visible>1</visible>
  <visibleoncoursepage>1</visibleoncoursepage>
  <visibleold>1</visibleold>
  <groupmode>0</groupmode>
  <groupingid>0</groupingid>
  <completion>0</completion>
  <completiongradeitemnumber>$@NULL@$</completiongradeitemnumber>
  <completionview>0</completionview>
  <completionexpected>0</completionexpected>
  <availability>$@NULL@$</availability>
  <showdescription>0</showdescription>
  <tags>
  </tags>
</module>