<?xml version="1.0" encoding="UTF-8"?>
<activity id="4" moduleid="24" modulename="label" contextid="65">
  <label id="4">
    <name>Si s'acaba de crear aquest Moodle per conversió d'...</name>
    <intro>&lt;p dir="ltr" style="text-align: left;"&gt;Si s'acaba de crear aquest Moodle per conversió d'edCrumble, s'han de cambiar manualment els recursos que hi han ara mateix. A part del backup, també s'ha descarregat un arxiu .zip anomenat "Recursos". Dins d'aquest, hi han tots els recursos que te aquest curs a edCrumble. Simplement, busqui el nom del curs dins de aquesta carpeta segons el nom del recurs que hi ha en Moodle.&amp;nbsp;&lt;/p&gt;</intro>
    <introformat>1</introformat>
    <timemodified>1616586170</timemodified>
  </label>
</activity>