<?xml version="1.0" encoding="UTF-8"?>
<module id="24" version="2021052500">
  <modulename>label</modulename>
  <sectionid>1</sectionid>
  <sectionnumber>0</sectionnumber>
  <idnumber></idnumber>
  <added>1615288901</added>
  <score>0</score>
  <indent>0</indent>
  <visible>0</visible>
  <visibleoncoursepage>1</visibleoncoursepage>
  <visibleold>0</visibleold>
  <groupmode>0</groupmode>
  <groupingid>0</groupingid>
  <completion>1</completion>
  <completiongradeitemnumber>$@NULL@$</completiongradeitemnumber>
  <completionview>0</completionview>
  <completionexpected>0</completionexpected>
  <availability>$@NULL@$</availability>
  <showdescription>1</showdescription>
  <tags>
  </tags>
</module>