<?xml version="1.0" encoding="UTF-8"?>
<module id=>
  <modulename>url</modulename>
  <sectionid></sectionid>
  <sectionnumber>1</sectionnumber>
  <idnumber></idnumber>
  <added>1615288782</added>
  <score>0</score>
  <indent>3</indent>
  <visible></visible>
  <visibleoncoursepage>1</visibleoncoursepage>
  <visibleold>1</visibleold>
  <groupmode>0</groupmode>
  <groupingid>0</groupingid>
  <completion>1</completion>
  <completiongradeitemnumber>$@NULL@$</completiongradeitemnumber>
  <completionview>0</completionview>
  <completionexpected>0</completionexpected>
  <availability>$@NULL@$</availability>
  <showdescription>1</showdescription>
  <tags>
  </tags>
</module>