<?xml version="1.0" encoding="UTF-8"?>
<activity id="2" moduleid="20" modulename="label" contextid="61">
  <label id="2">
    <name>Descripció:&amp;nbsp;Aquesta és la descripció del nost...</name>
    <intro>&lt;p dir="ltr" style="text-align: left;"&gt;&lt;/p&gt;&lt;p dir="ltr"&gt;&lt;strong&gt;Descripció:&lt;/strong&gt;&amp;nbsp;Aquesta és la descripció del nostre curs en línia.&lt;/p&gt;&lt;p dir="ltr"&gt;&lt;strong&gt;Avaluació:&lt;/strong&gt;&amp;nbsp;Definició de l'avaluació que seguirà el nostre curs en línia.&lt;br&gt;&lt;/p&gt;&lt;p dir="ltr"&gt;&lt;strong&gt;Experiència:&lt;/strong&gt;&amp;nbsp;Explicació de l'experiència dels professors durant el curs.&lt;br&gt;&lt;/p&gt;&lt;p dir="ltr"&gt;&lt;strong&gt;Objectius:&lt;/strong&gt;&amp;nbsp;Explicació dels objectius que te'l curs en línia.&lt;br&gt;&lt;/p&gt;&lt;p dir="ltr"&gt;&lt;strong&gt;Nombre d'Alumnes:&lt;/strong&gt;&amp;nbsp;Numero d'alumnes inscrits al curs&lt;/p&gt;&lt;p dir="ltr"&gt;&lt;strong&gt;Topic:&lt;/strong&gt; El tema del curs&lt;/p&gt;&lt;p dir="ltr"&gt;&lt;strong&gt;Nivell educacional:&lt;/strong&gt; Per a quin nivell d'educació esta pensat el curs&lt;/p&gt;&lt;br&gt;&lt;p&gt;&lt;/p&gt;</intro>
    <introformat>1</introformat>
    <timemodified>1616679687</timemodified>
  </label>
</activity>